{"count":1,"self":54.4227968,"total":284.51432719999997,"children":{"InitializeActuators":{"count":32,"self":0.0009979,"total":0.0009979,"children":null},"InitializeSensors":{"count":32,"self":0.0009981,"total":0.0009981,"children":null},"AgentSendState":{"count":67217,"self":1.2186545,"total":4.9455588,"children":{"CollectObservations":{"count":430208,"self":0.6993391,"total":0.6993391,"children":null},"WriteActionMask":{"count":430208,"self":0.2679787,"total":0.2679787,"children":null},"RequestDecision":{"count":430208,"self":0.92124319999999993,"total":2.7595864999999997,"children":{"AgentInfo.ToProto":{"count":430208,"self":0.80928289999999992,"total":1.8383433,"children":{"GenerateSensorData":{"count":430208,"self":1.0290603999999999,"total":1.0290603999999999,"children":null}}}}}}},"DecideAction":{"count":67217,"self":222.07751679999998,"total":222.0775247,"children":null},"AgentAct":{"count":67217,"self":2.9983108,"total":2.9983109,"children":{"AgentInfo.ToProto":{"count":6,"self":0,"total":0,"children":{"GenerateSensorData":{"count":6,"self":0,"total":0,"children":null}}}}},"AgentInfo.ToProto":{"count":8158,"self":0.0287071,"total":0.0681418,"children":{"GenerateSensorData":{"count":8158,"self":0.039434699999999996,"total":0.039434699999999996,"children":null}}}},"gauges":{"Prey.CumulativeReward":{"count":4082,"max":0.11666292,"min":-36.5476379,"runningAverage":-1.25858819,"value":-0.9113853,"weightedAverage":-0.801203847},"Predator.CumulativeReward":{"count":4082,"max":0.9972,"min":-4.085103,"runningAverage":-0.8381384,"value":-1.0999999,"weightedAverage":-1.093837}},"metadata":{"timer_format_version":"0.1.0","start_time_seconds":"1744947000","unity_version":"6000.0.46f1","command_line_arguments":"M:\\6000.0.46f1\\Editor\\Unity.exe -projectpath M:\\RL_Model_1 -useHub -hubIPC -cloudEnvironment production","communication_protocol_version":"1.5.0","com.unity.ml-agents_version":"3.0.0","scene_name":"SampleScene","end_time_seconds":"1744947284"}}